<?xml version="1.0" encoding="UTF-8"?>
<machine id="sample3" class="pc" border="0" width="900px">
	<computer id="pc" name="IBM PC"/>
	<cpu id="cpu8088" model="8088" autostart="true"/>
	<debugger id="debugger"/>
	<ram id="ramLow" addr="0x00000" size="0x10000"/>
	<rom id="romBASIC" addr="0xf6000" size="0x8000" file="ibm-basic-1.00.json"/>
	<rom id="romBIOS" addr="0xfe000" size="0x2000" file="1981-04-24.json"/>
	<keyboard id="keyboard"/>
	<video id="videoMDA" screenwidth="720" screenheight="350" charset="ibm-mda-cga.json">
		<name pos="center">Monochrome Display</name>
	</video>
	<panel id="panel" padtop="8px">
		<name>Control Panel</name>
		<control type="container" width="500px">
			<control type="textarea" class="output" binding="print" width="480px" height="280px"/>
			<control type="container">
				<control type="text" class="input" binding="debugInput" width="380px"/>
				<control type="button" class="input" binding="debugEnter">Enter</control>
				<control type="button" class="input" binding="clear">Clear</control>
			</control>
		</control>
		<control type="container" width="320px">
			<control type="register" class="output" label="AX" binding="AX" width="40px" padright="8px" padbottom="8px">0000</control>
			<control type="register" class="output" label="BX" binding="BX" width="40px" padright="8px" padbottom="8px">0000</control>
			<control type="register" class="output" label="CX" binding="CX" width="40px" padright="8px" padbottom="8px">0000</control>
			<control type="register" class="output" label="DX" binding="DX" width="40px" padright="8px" padbottom="8px">0000</control>
			<control type="register" class="output" label="SP" binding="SP" width="40px" padright="8px" padbottom="8px">0000</control>
			<control type="register" class="output" label="BP" binding="BP" width="40px" padright="8px" padbottom="8px">0000</control>
			<control type="register" class="output" label="SI" binding="SI" width="40px" padright="8px" padbottom="8px">0000</control>
			<control type="register" class="output" label="DI" binding="DI" width="40px" padright="8px" padbottom="8px">0000</control>
			<control type="register" class="output" label="DS" binding="DS" width="40px" padright="8px" padbottom="8px">0000</control>
			<control type="register" class="output" label="ES" binding="ES" width="40px" padright="8px" padbottom="8px">0000</control>
			<control type="register" class="output" label="SS" binding="SS" width="40px" padright="8px" padbottom="8px">0000</control>
			<control type="register" class="output" label="CS" binding="CS" width="40px" padright="8px" padbottom="8px">0000</control>
			<control type="register" class="output" label="IP" binding="IP" width="40px" padright="8px" padbottom="8px">0000</control>
			<control type="flag" class="output" label="V" binding="V" width="8px" padright="4px" padbottom="8px">0</control>
			<control type="flag" class="output" label="D" binding="D" width="8px" padright="4px" padbottom="8px">0</control>
			<control type="flag" class="output" label="I" binding="I" width="8px" padright="4px" padbottom="8px">0</control>
			<control type="flag" class="output" label="T" binding="T" width="8px" padright="4px" padbottom="8px">0</control>
			<control type="flag" class="output" label="S" binding="S" width="8px" padright="4px" padbottom="8px">0</control>
			<control type="flag" class="output" label="Z" binding="Z" width="8px" padright="4px" padbottom="8px">0</control>
			<control type="flag" class="output" label="A" binding="A" width="8px" padright="4px" padbottom="8px">0</control>
			<control type="flag" class="output" label="P" binding="P" width="8px" padright="4px" padbottom="8px">0</control>
			<control type="flag" class="output" label="C" binding="C" left="0px" width="8px" padright="4px" padbottom="8px">0</control>
			<control type="status" class="output" binding="speed" left="0px" padbottom="8px">Stopped</control>
			<control type="button" class="input" binding="run">Run</control>
			<control type="button" class="input" binding="step">Step</control>
			<control type="button" class="input" binding="reset">Reset</control>
			<control type="button" class="input" binding="setSpeed">Fast</control>
		</control>
	</panel>
	<fdc id="fdcNEC" automount='{A: {name: "PC-DOS 1.00", path: "PCDOS100.json"}, B: {name: "VisiCalc", path: "visicalc.json"}}' width="320px" pos="left" padtop="16px">
		<control type="container">
			<control type="list" class="input" binding="listDrives"/>
			<control type="list" class="input" binding="listDisks">
				<disk path="">None</disk>
				<disk path="PCDOS100.json">PC-DOS 1.00</disk>
				<disk path="visicalc.json" href="http://www.bricklin.com/history/vclicense.htm" desc="VisiCalc License">VisiCalc</disk>
			</control>
			<control type="button" class="input" binding="loadDrive">Load Drive</control>
			<control type="description" class="output" binding="descDisk" padleft="8px"/>
		</control>
	</fdc>
	<chipset id="chipset" model="5150" sw1="01000001" sw2="11110000" pos="left">
		<control type="container" padtop="16px">
			<control type="switches" class="input" label="SW1" binding="sw1" left="0px"/>
			<control type="switches" class="input" label="SW2" binding="sw2" left="0px"/>
			<control type="description" class="output" binding="swdesc" left="0px" padtop="8px"/>
		</control>
	</chipset>
</machine>
