<?xml version="1.0" encoding="UTF-8"?>
<machine id="example2" class="pc" width="720px">
	<computer id="pc" name="IBM PC"/>
	<ram id="ramLow" addr="0x00000" size="0x10000"/>
	<rom id="romBASIC" addr="0xf6000" size="0x8000" file="ibm-basic-1.00.json"/>
	<rom id="romBIOS" addr="0xfe000" size="0x2000" file="1981-04-24.json"/>
	<keyboard id="keyboard"/>
	<video id="videoMDA" screenwidth="720" screenheight="350" charset="ibm-mda-cga.json">
		<menu>
			<title>Monochrome Display</title>
		</menu>
	</video>
	<cpu id="cpu8088" model="8088" autostart="true" pos="left">
		<control type="button" binding="run">Run</control>
	</cpu>
	<fdc id="fdcNEC" automount='{A: {name: "PC-DOS 1.00", path: "PCDOS100.json"}}' pos="left">
		<control type="container">
			<control type="list" binding="listDrives"/>
			<control type="list" binding="listDisks">
				<disk path="">None</disk>
				<disk path="PCDOS100.json">PC-DOS 1.00</disk>
			</control>
			<control type="button" binding="loadDrive">Load</control>
		</control>
	</fdc>
	<chipset id="chipset" model="5150" sw1="01000001" sw2="11110000"/>
</machine>
