<?xml version="1.0" encoding="UTF-8"?>
<machine id="example3" class="pc" width="720px">
	<computer id="pc" name="IBM PC" state="example3.json"/>
	<cpu id="cpu8088" model="8088" autostart="true"/>
	<ram id="ramLow" addr="0x00000" size="0x10000"/>
	<rom id="romBASIC" addr="0xf6000" size="0x8000" file="ibm-basic-1.00.json"/>
	<rom id="romBIOS" addr="0xfe000" size="0x2000" file="1981-04-24.json"/>
	<keyboard id="keyboard"/>
	<video id="videoMDA" screenwidth="720" screenheight="350" charset="ibm-mda-cga.json"/>
	<fdc id="fdcNEC" automount='{A: {name: "PC-DOS 1.00", path: "PCDOS100.json"}, B: {name: "VisiCalc", path: "visicalc.json"}}'/>
	<chipset id="chipset" model="5150" sw1="01000001" sw2="11110000"/>
</machine>
