<?xml version="1.0" encoding="UTF-8"?>
<machine id="example3" type="pcx86" border="0" width="900px">
	<computer id="pc" name="IBM PC"/>
	<cpu id="cpu8088" model="8088" autoStart="true"/>
	<debugger id="debugger"/>
	<ram id="ramLow" addr="0x00000" size="0x10000"/>
	<rom id="romBASIC" addr="0xf6000" size="0x8000" file="ibm-basic-1.00.json"/>
	<rom id="romBIOS" addr="0xfe000" size="0x2000" file="1981-04-24.json"/>
	<keyboard id="keyboard"/>
	<video id="videoMDA" screenWidth="720" screenHeight="350" smoothing="false" fontROM="ibm-mda-cga.json">
		<menu>
			<title>Monochrome Display</title>
		</menu>
	</video>
	<panel id="panel" padTop="8px">
		<name>Control Panel</name>
		<control type="container" width="500px">
			<control type="textarea" binding="print" width="480px" height="280px"/>
			<control type="container">
				<control type="text" binding="debugInput" width="380px"/>
				<control type="button" binding="debugEnter">Enter</control>
				<control type="button" binding="clear">Clear</control>
			</control>
		</control>
		<control type="container" width="320px">
			<control type="register" label="AX" binding="AX" width="40px" padRight="8px" padBottom="8px">0000</control>
			<control type="register" label="BX" binding="BX" width="40px" padRight="8px" padBottom="8px">0000</control>
			<control type="register" label="CX" binding="CX" width="40px" padRight="8px" padBottom="8px">0000</control>
			<control type="register" label="DX" binding="DX" width="40px" padRight="8px" padBottom="8px">0000</control>
			<control type="register" label="SP" binding="SP" width="40px" padRight="8px" padBottom="8px">0000</control>
			<control type="register" label="BP" binding="BP" width="40px" padRight="8px" padBottom="8px">0000</control>
			<control type="register" label="SI" binding="SI" width="40px" padRight="8px" padBottom="8px">0000</control>
			<control type="register" label="DI" binding="DI" width="40px" padRight="8px" padBottom="8px">0000</control>
			<control type="register" label="DS" binding="DS" width="40px" padRight="8px" padBottom="8px">0000</control>
			<control type="register" label="ES" binding="ES" width="40px" padRight="8px" padBottom="8px">0000</control>
			<control type="register" label="SS" binding="SS" width="40px" padRight="8px" padBottom="8px">0000</control>
			<control type="register" label="CS" binding="CS" width="40px" padRight="8px" padBottom="8px">0000</control>
			<control type="register" label="IP" binding="IP" width="40px" padRight="8px" padBottom="8px">0000</control>
			<control type="flag" label="V" binding="V" width="8px" padRight="4px" padBottom="8px">0</control>
			<control type="flag" label="D" binding="D" width="8px" padRight="4px" padBottom="8px">0</control>
			<control type="flag" label="I" binding="I" width="8px" padRight="4px" padBottom="8px">0</control>
			<control type="flag" label="T" binding="T" width="8px" padRight="4px" padBottom="8px">0</control>
			<control type="flag" label="S" binding="S" width="8px" padRight="4px" padBottom="8px">0</control>
			<control type="flag" label="Z" binding="Z" width="8px" padRight="4px" padBottom="8px">0</control>
			<control type="flag" label="A" binding="A" width="8px" padRight="4px" padBottom="8px">0</control>
			<control type="flag" label="P" binding="P" width="8px" padRight="4px" padBottom="8px">0</control>
			<control type="flag" label="C" binding="C" left="0px" width="8px" padRight="4px" padBottom="8px">0</control>
			<control type="status" binding="speed" left="0px" padBottom="8px">Stopped</control>
			<control type="button" binding="run">Run</control>
			<control type="button" binding="step">Step</control>
			<control type="button" binding="reset">Reset</control>
			<control type="button" binding="setSpeed">Fast</control>
		</control>
	</panel>
	<fdc id="fdcNEC" autoMount='{A: {name: "PC-DOS 1.00", path: "PCDOS100.json"}, B: {name: "VisiCalc", path: "visicalc.json"}}' width="320px" pos="left" padTop="16px">
		<control type="container">
			<control type="list" binding="listDrives"/>
			<control type="list" binding="listDisks">
				<disk path="PCDOS100.json">PC-DOS 1.00</disk>
				<disk path="visicalc.json" href="http://www.bricklin.com/history/vclicense.htm" desc="VisiCalc License">VisiCalc</disk>
			</control>
			<control type="button" binding="loadDisk">Load</control>
			<control type="description" binding="descDisk" padLeft="8px"/>
		</control>
	</fdc>
	<chipset id="chipset" model="5150" sw1="01000001" sw2="11110000" pos="left">
		<control type="container" padTop="16px">
			<control type="switches" label="SW1" binding="sw1" left="0px"/>
			<control type="switches" label="SW2" binding="sw2" left="0px"/>
			<control type="description" binding="swdesc" left="0px" padTop="8px"/>
		</control>
	</chipset>
</machine>
